"","X","Date","Minimum.temperature...C.","Maximum.temperature...C.","Rainfall..mm.","Evaporation..mm.","Sunshine..hours.","Direction.of.maximum.wind.gust.","Speed.of.maximum.wind.gust..km.h.","Time.of.maximum.wind.gust","X9am.Temperature...C.","X9am.relative.humidity....","X9am.cloud.amount..oktas.","X9am.wind.direction","X9am.wind.speed..km.h.","X9am.MSL.pressure..hPa.","X3pm.Temperature...C.","X3pm.relative.humidity....","X3pm.cloud.amount..oktas.","X3pm.wind.direction","X3pm.wind.speed..km.h.","X3pm.MSL.pressure..hPa."
"1",NA,"2015-04-1",15.6,27,51,NA,NA,NA,NA,NA,18.2,99,7," ","Calm",NA,NA,NA,NA,"",NA,NA
"2",NA,"2015-04-2",16.3,29,0,2.6,NA,NA,NA,NA,19,95,6," ","Calm",NA,NA,NA,NA,"",NA,NA
"3",NA,"2015-04-3",16.3,NA,2.4,4.4,NA,NA,NA,NA,16.8,84,8,"SE","2",NA,NA,NA,NA,"",NA,NA
"4",NA,"2015-04-4",15.8,20.2,20.1,1.1,NA,NA,NA,NA,17.2,95,8,"NE","6",NA,NA,NA,NA,"",NA,NA
"5",NA,"2015-04-5",15.2,26.5,11.4,1.6,NA,NA,NA,NA,19.8,71,1,"SW","9",NA,NA,NA,NA,"",NA,NA
"6",NA,"2015-04-6",13.1,25.9,0,3,NA,NA,NA,NA,17.3,96,3,"SW","6",NA,NA,NA,NA,"",NA,NA
"7",NA,"2015-04-7",12.3,23.1,3.2,3,NA,NA,NA,NA,17.1,89,5,"SW","6",NA,NA,NA,NA,"",NA,NA
"8",NA,"2015-04-8",13.3,22.2,0.5,3.6,NA,NA,NA,NA,18.7,54,5,"S","19",NA,NA,NA,NA,"",NA,NA
"9",NA,"2015-04-9",15,22.4,0,4,NA,NA,NA,NA,18.1,51,1,"SSW","15",NA,NA,NA,NA,"",NA,NA
"10",NA,"2015-04-10",13.3,22.5,0,3.3,NA,NA,NA,NA,17.5,68,8,"SSW","7",NA,NA,NA,NA,"",NA,NA
"11",NA,"2015-04-11",14.5,24,6.8,NA,NA,NA,NA,NA,17,97,8," ","Calm",NA,NA,NA,NA,"",NA,NA
"12",NA,"2015-04-12",12,23.4,0,1.2,NA,NA,NA,NA,21,65,5,"WSW","4",NA,NA,NA,NA,"",NA,NA
"13",NA,"2015-04-13",13.2,22.3,0,2,NA,NA,NA,NA,18.2,68,1,"SSW","9",NA,NA,NA,NA,"",NA,NA
"14",NA,"2015-04-14",11.1,24.4,0,2.3,NA,NA,NA,NA,17.6,74,2,"SW","4",NA,NA,NA,NA,"",NA,NA
"15",NA,"2015-04-15",11.5,28.4,0,2.6,NA,NA,NA,NA,17.8,79,2,"SW","4",NA,NA,NA,NA,"",NA,NA
"16",NA,"2015-04-16",15.8,30.4,3.5,3.1,NA,NA,NA,NA,21,79,6,"WSW","2",NA,NA,NA,NA,"",NA,NA
"17",NA,"2015-04-17",18.9,23.2,5.2,3,NA,NA,NA,NA,19.5,97,8,"NE","2",NA,NA,NA,NA,"",NA,NA
"18",NA,"2015-04-18",18.6,27.7,1.2,0.6,NA,NA,NA,NA,23,74,7,"N","20",NA,NA,NA,NA,"",NA,NA
"19",NA,"2015-04-19",15.2,24.1,7.5,4.3,NA,NA,NA,NA,18.4,68,1,"SW","26",NA,NA,NA,NA,"",NA,NA
"20",NA,"2015-04-20",11.7,16.2,5.2,3.7,NA,NA,NA,NA,13.2,97,8,"SSW","7",NA,NA,NA,NA,"",NA,NA
"21",NA,"2015-04-21",13,16.6,100.6,0.2,NA,NA,NA,NA,14.2,89,8,"SW","37",NA,NA,NA,NA,"",NA,NA
"22",NA,"2015-04-22",12.7,18,92.6,NA,NA,NA,NA,NA,14.8,100,8,"S","19",NA,NA,NA,NA,"",NA,NA
"23",NA,"2015-04-23",12.5,22.9,44.4,3.9,NA,NA,NA,NA,17.8,98,1,"S","2",NA,NA,NA,NA,"",NA,NA
"24",NA,"2015-04-24",12.9,25.6,2.8,1.3,NA,NA,NA,NA,15.4,99,7," ","Calm",NA,NA,NA,NA,"",NA,NA
"25",NA,"2015-04-25",11,25,1,2.8,NA,NA,NA,NA,16.1,90,4," ","Calm",NA,NA,NA,NA,"",NA,NA
"26",NA,"2015-04-26",9.2,19.2,63.3,NA,NA,NA,NA,NA,16.4,75,6,"NW","50",NA,NA,NA,NA,"",NA,NA
"27",NA,"2015-04-27",10.4,20.3,0,1.2,NA,NA,NA,NA,15.7,69,0,"SW","22",NA,NA,NA,NA,"",NA,NA
"28",NA,"2015-04-28",8.9,NA,0,2.5,NA,NA,NA,NA,16.1,59,0,"S","11",NA,NA,NA,NA,"",NA,NA
"29",NA,"2015-04-29",NA,NA,0,NA,NA,NA,NA,NA,NA,NA,NA,"","",NA,NA,NA,NA,"",NA,NA
"30",NA,"2015-04-30",NA,18.8,2.3,NA,NA,NA,NA,NA,NA,NA,NA,"","",NA,15.1,93,8,"W",2,NA
"31",NA,"2015-05-1",12.8,21.8,11.8,1,NA,NA,NA,NA,15.7,97,8,"S","7",NA,NA,NA,NA,NA,NA,NA
"32",NA,"2015-05-2",14.9,22,8,0.4,NA,NA,NA,NA,17.2,96,7,"W","4",NA,NA,NA,NA,NA,NA,NA
"33",NA,"2015-05-3",17,23.5,28.2,3.8,NA,NA,NA,NA,18.8,92,8,"SW","4",NA,NA,NA,NA,NA,NA,NA
"34",NA,"2015-05-4",16.4,22.2,0,0.9,NA,NA,NA,NA,18.6,77,8," ","Calm",NA,NA,NA,NA,NA,NA,NA
"35",NA,"2015-05-5",14.2,26.8,0,1,NA,NA,NA,NA,18,84,3," ","Calm",NA,NA,NA,NA,NA,NA,NA
"36",NA,"2015-05-6",9.6,19.9,0,3.7,NA,NA,NA,NA,14.5,45,0,"SW","15",NA,NA,NA,NA,NA,NA,NA
"37",NA,"2015-05-7",7,20,0,1.9,NA,NA,NA,NA,12.4,71,1,"SW","7",NA,NA,NA,NA,NA,NA,NA
"38",NA,"2015-05-8",6.2,19.7,0,2.2,NA,NA,NA,NA,12.9,62,0,"NW","4",NA,NA,NA,NA,NA,NA,NA
"39",NA,"2015-05-9",6.9,20.6,0,1.1,NA,NA,NA,NA,12.6,69,1,"W","2",NA,NA,NA,NA,NA,NA,NA
"40",NA,"2015-05-10",8.2,20.6,0,1.9,NA,NA,NA,NA,16.3,52,1,"NE","2",NA,NA,NA,NA,NA,NA,NA
"41",NA,"2015-05-11",13.2,21.3,0,3.1,NA,NA,NA,NA,15.6,65,1,"W","11",NA,NA,NA,NA,NA,NA,NA
"42",NA,"2015-05-12",9.6,21.3,0,2,NA,NA,NA,NA,15.7,62,0,"N","4",NA,NA,NA,NA,NA,NA,NA
"43",NA,"2015-05-13",11.2,NA,0,2.3,NA,NA,NA,NA,13.3,57,0,"SW","15",NA,NA,NA,NA,NA,NA,NA
"44",NA,"2015-05-14",NA,NA,1.1,NA,NA,NA,NA,NA,NA,NA,NA,"","",NA,NA,NA,NA,NA,NA,NA
"45",NA,"2015-05-15",NA,20.2,0,NA,NA,NA,NA,NA,15.4,61,0,"SSW","17",NA,NA,NA,NA,NA,NA,NA
"46",NA,"2015-05-16",12.3,20.2,0,2,NA,NA,NA,NA,14.9,76,1,"SW","17",NA,NA,NA,NA,NA,NA,NA
"47",NA,"2015-05-17",8.8,19.8,0,2.1,NA,NA,NA,NA,14.1,79,5,"WSW","9",NA,NA,NA,NA,NA,NA,NA
"48",NA,"2015-05-18",8.8,19.1,0,0.8,NA,NA,NA,NA,12.1,94,8,"WSW","7",NA,NA,NA,NA,NA,NA,NA
"49",NA,"2015-05-19",11.8,19.2,0,0.4,NA,NA,NA,NA,13.9,100,8," ","Calm",NA,NA,NA,NA,NA,NA,NA
"50",NA,"2015-05-20",13.9,23.6,1.8,0.8,NA,NA,NA,NA,16.9,81,6,"ENE","6",NA,NA,NA,NA,NA,NA,NA
"51",NA,"2015-05-21",10.7,21.4,0,1.2,NA,NA,NA,NA,16.2,77,0,"W","2",NA,NA,NA,NA,NA,NA,NA
"52",NA,"2015-05-22",12.5,16.8,3.3,2.1,NA,NA,NA,NA,12.9,97,8,"SW","6",NA,NA,NA,NA,NA,NA,NA
"53",NA,"2015-05-23",10.5,19,13.2,2,NA,NA,NA,NA,13.9,63,2,"WSW","9",NA,NA,NA,NA,NA,NA,NA
"54",NA,"2015-05-24",7,18.7,0.2,2,NA,NA,NA,NA,11.3,84,2,"SW","7",NA,NA,NA,NA,NA,NA,NA
"55",NA,"2015-05-25",6.5,17.1,0,1.1,NA,NA,NA,NA,10.3,86,7,"WNW","2",NA,NA,NA,NA,NA,NA,NA
"56",NA,"2015-05-26",5.4,18.1,0,0.6,NA,NA,NA,NA,9,87,3,"WSW","4",NA,NA,NA,NA,NA,NA,NA
"57",NA,"2015-05-27",7.2,20.1,0,1.4,NA,NA,NA,NA,12.4,81,3,"W","2",NA,NA,NA,NA,NA,NA,NA
"58",NA,"2015-05-28",8.2,21.5,0,0.7,NA,NA,NA,NA,13.4,86,0,"W","2",NA,NA,NA,NA,NA,NA,NA
"59",NA,"2015-05-29",13.1,NA,0,0.8,NA,NA,NA,NA,17.2,78,8,"SSW","4",NA,NA,NA,NA,NA,NA,NA
"60",NA,"2015-05-30",8.3,16.6,0,0.8,NA,NA,NA,NA,12,94,8,"SW","2",NA,NA,NA,NA,NA,NA,NA
"61",NA,"2015-05-31",8.8,14,0.6,0.6,NA,NA,NA,NA,10.2,97,8,"NE","2",NA,NA,NA,NA,NA,NA,NA
"62",NA,"2015-06-1",7.8,14.4,0,0.6,NA,NA,NA,NA,11.2,56,7,"SSW","30",NA,NA,NA,NA,NA,NA,NA
"63",NA,"2015-06-2",2.3,15.2,0,1.8,NA,NA,NA,NA,10,60,0,"SW","13",NA,NA,NA,NA,NA,NA,NA
"64",NA,"2015-06-3",3.8,16.9,0,1.3,NA,NA,NA,NA,8.9,74,0,"WNW","11",NA,NA,NA,NA,NA,NA,NA
"65",NA,"2015-06-4",3.1,17.4,0,1,NA,NA,NA,NA,6.8,99,0,"SW","2",NA,NA,NA,NA,NA,NA,NA
"66",NA,"2015-06-5",5.3,15.4,1,0.8,NA,NA,NA,NA,8.8,95,8,"W","4",NA,NA,NA,NA,NA,NA,NA
"67",NA,"2015-06-6",7.3,19.1,0,1,NA,NA,NA,NA,9.4,86,1,"SW","6",NA,NA,NA,NA,NA,NA,NA
"68",NA,"2015-06-7",5.8,20.7,0,1.2,NA,NA,NA,NA,9,97,0,"WSW","9",NA,NA,NA,NA,NA,NA,NA
"69",NA,"2015-06-8",8.6,21.7,0,1,NA,NA,NA,NA,14.1,78,2,"WSW","7",NA,NA,NA,NA,NA,NA,NA
"70",NA,"2015-06-9",9.7,21.9,0,1.8,NA,NA,NA,NA,17.7,57,7,"NNW","6",NA,NA,NA,NA,NA,NA,NA
"71",NA,"2015-06-10",7.5,14.7,0,1.3,NA,NA,NA,NA,10.9,87,8,"SSW","2",NA,NA,NA,NA,NA,NA,NA
"72",NA,"2015-06-11",9.4,17.3,0,0.4,NA,NA,NA,NA,12.9,79,8,"WSW","4",NA,NA,NA,NA,NA,NA,NA
"73",NA,"2015-06-12",10.5,18,0,0.6,NA,NA,NA,NA,12.7,88,8,"SW","2",NA,NA,NA,NA,NA,NA,NA
"74",NA,"2015-06-13",9.5,18.6,0,0.7,NA,NA,NA,NA,11.9,89,7,"WSW","7",NA,NA,NA,NA,NA,NA,NA
"75",NA,"2015-06-14",6.5,18.7,0,1.1,NA,NA,NA,NA,9.6,97,4,"W","7",NA,NA,NA,NA,NA,NA,NA
"76",NA,"2015-06-15",8.6,17,0,0.6,NA,NA,NA,NA,12.3,87,8,"W","15",NA,NA,NA,NA,NA,NA,NA
"77",NA,"2015-06-16",12.1,15,2.2,0.2,NA,NA,NA,NA,13.4,100,8," ","Calm",NA,NA,NA,NA,NA,NA,NA
"78",NA,"2015-06-17",12.7,16.8,9.6,0.4,NA,NA,NA,NA,14.7,97,8,"NW","6",NA,NA,NA,NA,NA,NA,NA
"79",NA,"2015-06-18",7.9,16.6,4.1,0.7,NA,NA,NA,NA,12.4,89,7,"NNE","2",NA,NA,NA,NA,NA,NA,NA
"80",NA,"2015-06-19",9.6,15.2,41,0.2,NA,NA,NA,NA,10.5,90,8,"SW","15",NA,NA,NA,NA,NA,NA,NA
"81",NA,"2015-06-20",7.4,14.9,0,1,NA,NA,NA,NA,10.2,72,1,"SW","17",NA,NA,NA,NA,NA,NA,NA
"82",NA,"2015-06-21",6.3,15,0,1,NA,NA,NA,NA,8.8,88,5,"NW","4",NA,NA,NA,NA,NA,NA,NA
"83",NA,"2015-06-22",4.2,17,0,0.5,NA,NA,NA,NA,6.8,100,6," ","Calm",NA,NA,NA,NA,NA,NA,NA
"84",NA,"2015-06-23",5.6,19.2,0,1.1,NA,NA,NA,NA,8.7,90,1,"W","2",NA,NA,NA,NA,NA,NA,NA
"85",NA,"2015-06-24",8.6,19.3,0,0.7,NA,NA,NA,NA,11.4,87,6," ","Calm",NA,NA,NA,NA,NA,NA,NA
"86",NA,"2015-06-25",10,19.2,0,1.1,NA,NA,NA,NA,14,79,7,"SW","4",NA,NA,NA,NA,NA,NA,NA
"87",NA,"2015-06-26",8.2,17.6,2.2,0.8,NA,NA,NA,NA,11.8,81,0,"SSW","4",NA,NA,NA,NA,NA,NA,NA
"88",NA,"2015-06-27",5,18.6,0,1.2,NA,NA,NA,NA,9.5,93,0," ","Calm",NA,NA,NA,NA,NA,NA,NA
"89",NA,"2015-06-28",4.7,17,0,1,NA,NA,NA,NA,8.2,84,0,"W","4",NA,NA,NA,NA,NA,NA,NA
"90",NA,"2015-06-29",6,18.5,0,0.5,NA,NA,NA,NA,10.2,87,7,"SW","4",NA,NA,NA,NA,NA,NA,NA
"91",NA,"2015-06-30",5.5,17.7,0,0.8,NA,NA,NA,NA,8.2,97,8," ","Calm",NA,NA,NA,NA,NA,NA,NA
"92",NA,"2015-07-1",7.8,15.8,4.6,0.6,NA,NA,NA,NA,10.1,83,4,"SSW","31",NA,NA,NA,NA,NA,NA,NA
"93",NA,"2015-07-2",2.6,15.4,0,1.4,NA,NA,NA,NA,6.9,79,7,"WSW","15",NA,NA,NA,NA,NA,NA,NA
"94",NA,"2015-07-3",5.6,15.2,0,1.3,NA,NA,NA,NA,9.5,58,0,"W","2",NA,NA,NA,NA,NA,NA,NA
"95",NA,"2015-07-4",1.3,15.2,0,1.1,NA,NA,NA,NA,6.8,95,6,"SSW","2",NA,NA,NA,NA,NA,NA,NA
"96",NA,"2015-07-5",1.5,16.6,0,0.7,NA,NA,NA,NA,6.4,79,0,"W","2",NA,NA,NA,NA,NA,NA,NA
"97",NA,"2015-07-6",1.7,16.1,0,0.8,NA,NA,NA,NA,7.4,72,0," ","Calm",NA,NA,NA,NA,NA,NA,NA
"98",NA,"2015-07-7",3.1,14.9,0,1.2,NA,NA,NA,NA,10.3,74,0,"SSW","15",NA,NA,NA,NA,NA,NA,NA
"99",NA,"2015-07-8",4.8,15.7,0.3,0.6,NA,NA,NA,NA,9.9,79,2,"WSW","11",NA,NA,NA,NA,NA,NA,NA
"100",NA,"2015-07-9",3.9,16.4,0,0.8,NA,NA,NA,NA,6.9,100,0," ","Calm",NA,NA,NA,NA,NA,NA,NA
"101",NA,"2015-07-10",3.9,13,0,0.8,NA,NA,NA,NA,7.9,97,4,"NW","6",NA,NA,NA,NA,NA,NA,NA
"102",NA,"2015-07-11",4.5,18.7,2,1,NA,NA,NA,NA,7.6,99,0,"W","7",NA,NA,NA,NA,NA,NA,NA
"103",NA,"2015-07-12",6.6,13.8,7.1,1.5,NA,NA,NA,NA,9.6,69,7,"NW","11",NA,NA,NA,NA,NA,NA,NA
"104",NA,"2015-07-13",6.4,15.8,5,2.3,NA,NA,NA,NA,8.2,93,8,"WNW","20",NA,NA,NA,NA,NA,NA,NA
"105",NA,"2015-07-14",7.2,16.2,0,2,NA,NA,NA,NA,10.9,70,0,"WSW","11",NA,NA,NA,NA,NA,NA,NA
"106",NA,"2015-07-15",3.2,15.7,0,1,NA,NA,NA,NA,8.4,72,0,"NNW","13",NA,NA,NA,NA,NA,NA,NA
"107",NA,"2015-07-16",6.5,12.3,0.2,1.2,NA,NA,NA,NA,9.7,80,8,"SW","20",NA,NA,NA,NA,NA,NA,NA
"108",NA,"2015-07-17",5.8,13.5,12.4,1,NA,NA,NA,NA,7.2,94,8,"WSW","35",NA,NA,NA,NA,NA,NA,NA
"109",NA,"2015-07-18",4,14.3,0.8,1.2,NA,NA,NA,NA,11,58,1,"SW","11",NA,NA,NA,NA,NA,NA,NA
"110",NA,"2015-07-19",6.5,16.6,0.2,1.4,NA,NA,NA,NA,11.5,70,7,"SSW","15",NA,NA,NA,NA,NA,NA,NA
"111",NA,"2015-07-20",6.1,17.2,0,1.2,NA,NA,NA,NA,9.5,83,2,"WSW","20",NA,NA,NA,NA,NA,NA,NA
"112",NA,"2015-07-21",4.4,18.1,0,1.3,NA,NA,NA,NA,8.4,95,0,"SW","9",NA,NA,NA,NA,NA,NA,NA
"113",NA,"2015-07-22",7.2,16.9,0,1.1,NA,NA,NA,NA,9.8,92,8,"NE","9",NA,NA,NA,NA,NA,NA,NA
"114",NA,"2015-07-23",9.6,17.6,2.8,0.6,NA,NA,NA,NA,11.4,99,8,"SSW","4",NA,NA,NA,NA,NA,NA,NA
"115",NA,"2015-07-24",9.8,19.2,0,0.7,NA,NA,NA,NA,12.1,97,8,"WNW","7",NA,NA,NA,NA,NA,NA,NA
"116",NA,"2015-07-25",9,20,0,1.2,NA,NA,NA,NA,15.8,60,0,"NNE","7",NA,NA,NA,NA,NA,NA,NA
"117",NA,"2015-07-26",10.8,19.6,0,1.8,NA,NA,NA,NA,13.5,54,1,"NE","15",NA,NA,NA,NA,NA,NA,NA
"118",NA,"2015-07-27",2.9,14.6,0,3.4,NA,NA,NA,NA,9.4,60,0,"WNW","7",NA,NA,NA,NA,NA,NA,NA
"119",NA,"2015-07-28",2.6,17.2,0,1.7,NA,NA,NA,NA,8.9,68,0,"W","9",NA,NA,NA,NA,NA,NA,NA
"120",NA,"2015-07-29",3.8,17.4,0,1,NA,NA,NA,NA,8.2,81,0,"WSW","11",NA,NA,NA,NA,NA,NA,NA
"121",NA,"2015-07-30",5.2,19.8,0,1.4,NA,NA,NA,NA,9.1,85,3,"NNW","15",NA,NA,NA,NA,NA,NA,NA
"122",NA,"2015-07-31",8.8,19.5,0,2,NA,NA,NA,NA,13.3,61,1,"N","13",NA,NA,NA,NA,NA,NA,NA
"123",NA,"2015-08-1",6.3,22,0,2.2,NA,NA,NA,NA,12,63,4,"NNE","7",NA,NA,NA,NA,NA,NA,NA
"124",NA,"2015-08-2",7.9,24.5,0,1.2,NA,NA,NA,NA,12,78,6," ","Calm",NA,NA,NA,NA,NA,NA,NA
"125",NA,"2015-08-3",4.6,18.3,0,2.1,NA,NA,NA,NA,11.2,51,0,"NE","26",NA,NA,NA,NA,NA,NA,NA
"126",NA,"2015-08-4",5.6,14.3,0,2.4,NA,NA,NA,NA,8.6,64,5,"W","7",NA,NA,NA,NA,NA,NA,NA
"127",NA,"2015-08-5",1.8,14.8,0,1.7,NA,NA,NA,NA,7.9,55,6,"NNE","19",NA,NA,NA,NA,NA,NA,NA
"128",NA,"2015-08-6",3.1,16.2,0,0.7,NA,NA,NA,NA,11,53,0,"W","22",NA,NA,NA,NA,NA,NA,NA
"129",NA,"2015-08-7",1.6,17.3,0,2.3,NA,NA,NA,NA,9.4,69,0,"SSW","11",NA,NA,NA,NA,NA,NA,NA
"130",NA,"2015-08-8",4.2,17.7,0,1.4,NA,NA,NA,NA,11,71,2,"SW","4",NA,NA,NA,NA,NA,NA,NA
"131",NA,"2015-08-9",2.3,18.1,0,1.3,NA,NA,NA,NA,6.6,91,0,"W","4",NA,NA,NA,NA,NA,NA,NA
"132",NA,"2015-08-10",5.8,20.3,0,1.5,NA,NA,NA,NA,11.4,69,0,"NNW","20",NA,NA,NA,NA,NA,NA,NA
"133",NA,"2015-08-11",5.5,19.7,0,2.5,NA,NA,NA,NA,10.8,67,0,"WSW","9",NA,NA,NA,NA,NA,NA,NA
"134",NA,"2015-08-12",5.2,16.7,0,2.1,NA,NA,NA,NA,11.5,59,1,"NW","20",NA,NA,NA,NA,NA,NA,NA
"135",NA,"2015-08-13",4.7,18.3,0,1.7,NA,NA,NA,NA,12.2,61,0,"WSW","20",NA,NA,NA,NA,NA,NA,NA
"136",NA,"2015-08-14",3.8,19.2,0,2.6,NA,NA,NA,NA,10,73,0,"SW","4",NA,NA,NA,NA,NA,NA,NA
"137",NA,"2015-08-15",5.5,19.2,0,0.8,NA,NA,NA,NA,11.5,73,0,"W","2",NA,NA,NA,NA,NA,NA,NA
"138",NA,"2015-08-16",7.8,20.8,0,1.4,NA,NA,NA,NA,12.7,86,2,"W","6",NA,NA,NA,NA,NA,NA,NA
"139",NA,"2015-08-17",4.5,19.5,0,2.8,NA,NA,NA,NA,13.1,64,2,"NNW","7",NA,NA,NA,NA,NA,NA,NA
"140",NA,"2015-08-18",8.2,17.2,0,2.4,NA,NA,NA,NA,12.2,53,0,"SW","31",NA,NA,NA,NA,NA,NA,NA
"141",NA,"2015-08-19",6.4,17.7,0,NA,NA,NA,NA,NA,NA,NA,NA,"","",NA,NA,NA,NA,NA,NA,NA
"142",NA,"2015-08-20",4.8,20.7,0,1.4,NA,NA,NA,NA,11,85,0,"WSW","13",NA,NA,NA,NA,NA,NA,NA
"143",NA,"2015-08-21",5.9,23.4,0,1.8,NA,NA,NA,NA,11.2,87,0,"SSW","9",NA,NA,NA,NA,NA,NA,NA
"144",NA,"2015-08-22",10.7,27.7,0,1.9,NA,NA,NA,NA,18.6,57,2,"NW","2",NA,NA,NA,NA,NA,NA,NA
"145",NA,"2015-08-23",13.5,17.5,1.8,3.6,NA,NA,NA,NA,14.4,93,8,"NNW","2",NA,NA,NA,NA,NA,NA,NA
"146",NA,"2015-08-24",13.5,16.2,4.5,1.2,NA,NA,NA,NA,14.2,97,8,"WSW","7",NA,NA,NA,NA,NA,NA,NA
"147",NA,"2015-08-25",12.6,18.8,29.4,3.6,NA,NA,NA,NA,14.8,75,7,"W","20",NA,NA,NA,NA,NA,NA,NA
"148",NA,"2015-08-26",11.8,20.5,7.1,1.6,NA,NA,NA,NA,15.5,89,7,"SW","15",NA,NA,NA,NA,NA,NA,NA
"149",NA,"2015-08-27",9.5,20.5,1.6,1.1,NA,NA,NA,NA,14,94,5,"SW","7",NA,NA,NA,NA,NA,NA,NA
"150",NA,"2015-08-28",6.8,20,0,1.1,NA,NA,NA,NA,13.1,60,5,"SW","6",NA,NA,NA,NA,NA,NA,NA
"151",NA,"2015-08-29",5.8,19.7,0,1.5,NA,NA,NA,NA,9.5,93,1," ","Calm",NA,NA,NA,NA,NA,NA,NA
"152",NA,"2015-08-30",4.6,19.3,0,1.9,NA,NA,NA,NA,11.5,70,1,"E","6",NA,NA,NA,NA,NA,NA,NA
"153",NA,"2015-08-31",6.7,19.9,0,2.4,NA,NA,NA,NA,13.9,58,0,"SW","11",NA,NA,NA,NA,NA,NA,NA
"154",NA,"2015-09-1",4.9,20.1,0,2.7,NA,NA,NA,NA,11.7,68,0,"W","9",NA,NA,NA,NA,NA,NA,NA
"155",NA,"2015-09-2",4.4,20.2,0,2.6,NA,NA,NA,NA,10.3,81,7,"SW","2",NA,NA,NA,NA,NA,NA,NA
"156",NA,"2015-09-3",7.8,19.5,1.8,1.7,NA,NA,NA,NA,11.9,95,0,"W","4",NA,NA,NA,NA,NA,NA,NA
"157",NA,"2015-09-4",11.7,19.5,0.3,3.3,NA,NA,NA,NA,15.7,66,8,"SW","26",NA,NA,NA,NA,NA,NA,NA
"158",NA,"2015-09-5",8,21.9,0,2,NA,NA,NA,NA,13.5,82,0,"SSW","13",NA,NA,NA,NA,NA,NA,NA
"159",NA,"2015-09-6",11.3,15.2,0,2.6,NA,NA,NA,NA,13.8,87,8,"W","9",NA,NA,NA,NA,NA,NA,NA
"160",NA,"2015-09-7",9.2,24.1,0.9,0.9,NA,NA,NA,NA,12.5,94,0,"SW","4",NA,NA,NA,NA,NA,NA,NA
"161",NA,"2015-09-8",4.9,19.1,0,4.2,NA,NA,NA,NA,12.9,54,0,"W","22",NA,NA,NA,NA,NA,NA,NA
"162",NA,"2015-09-9",6.4,20.7,0,2.9,NA,NA,NA,NA,12.5,70,0,"W","11",NA,NA,NA,NA,NA,NA,NA
"163",NA,"2015-09-10",7.2,19.9,0,3.2,NA,NA,NA,NA,15.9,61,0,"SW","9",NA,NA,NA,NA,NA,NA,NA
"164",NA,"2015-09-11",9.6,23.4,0,2,NA,NA,NA,NA,16.8,66,0,"SW","4",NA,NA,NA,NA,NA,NA,NA
"165",NA,"2015-09-12",7.6,26,0,3.5,NA,NA,NA,NA,17.6,70,1,"WSW","7",NA,NA,NA,NA,NA,NA,NA
"166",NA,"2015-09-13",9.5,26.1,0,3,NA,NA,NA,NA,19,67,0,"SSW","11",NA,NA,NA,NA,NA,NA,NA
"167",NA,"2015-09-14",9.9,27.5,0,3.8,NA,NA,NA,NA,16.1,83,0,"SW","6",NA,NA,NA,NA,NA,NA,NA
"168",NA,"2015-09-15",11.6,29.5,0,3.6,NA,NA,NA,NA,23.2,43,0,"N","19",NA,NA,NA,NA,NA,NA,NA
"169",NA,"2015-09-16",8.4,22.6,0,5.2,NA,NA,NA,NA,16.8,57,0,"WSW","11",NA,NA,NA,NA,NA,NA,NA
"170",NA,"2015-09-17",10.1,20.6,0,3.6,NA,NA,NA,NA,16.8,49,0,"SSE","7",NA,NA,NA,NA,NA,NA,NA
"171",NA,"2015-09-18",11.9,20.2,2.6,3.6,NA,NA,NA,NA,15.4,69,2,"SSW","19",NA,NA,NA,NA,NA,NA,NA
"172",NA,"2015-09-19",11.5,20.3,6.2,2.9,NA,NA,NA,NA,14.9,90,7," ","Calm",NA,NA,NA,NA,NA,NA,NA
"173",NA,"2015-09-20",9.2,19.9,0.6,2.8,NA,NA,NA,NA,16.7,68,5," ","Calm",NA,NA,NA,NA,NA,NA,NA
"174",NA,"2015-09-21",10.1,25.2,0,1.9,NA,NA,NA,NA,12.7,100,8,"SW","2",NA,NA,NA,NA,NA,NA,NA
"175",NA,"2015-09-22",11.2,20,0,2.5,NA,NA,NA,NA,17.3,51,1,"WSW","28",NA,NA,NA,NA,NA,NA,NA
"176",NA,"2015-09-23",8.7,16.9,0,5.5,NA,NA,NA,NA,12.6,50,2,"SSW","46",NA,NA,NA,NA,NA,NA,NA
"177",NA,"2015-09-24",8.1,16.3,0,4.6,NA,NA,NA,NA,13.9,56,2,"SSW","20",NA,NA,NA,NA,NA,NA,NA
"178",NA,"2015-09-25",10.7,15.8,0,2.7,NA,NA,NA,NA,14.3,64,6,"SW","4",NA,NA,NA,NA,NA,NA,NA
"179",NA,"2015-09-26",9.1,19.1,6.3,2.5,NA,NA,NA,NA,14,91,4,"WSW","4",NA,NA,NA,NA,NA,NA,NA
"180",NA,"2015-09-27",11,20.1,0,3.3,NA,NA,NA,NA,16.5,56,6,"WSW","19",NA,NA,NA,NA,NA,NA,NA
"181",NA,"2015-09-28",7.7,22.9,0,2.4,NA,NA,NA,NA,16.9,60,0,"WNW","7",NA,NA,NA,NA,NA,NA,NA
"182",NA,"2015-09-29",8.4,27,0,4,NA,NA,NA,NA,16.2,71,0,"SW","4",NA,NA,NA,NA,NA,NA,NA
"183",NA,"2015-09-30",12.4,21.8,1.6,3.4,NA,NA,NA,NA,17.8,75,8,"WSW","9",NA,NA,NA,NA,NA,NA,NA
"184",NA,"2015-10-1",12.6,28.8,0,2.4,NA,NA,NA,NA,21.1,66,3,"SW","2",NA,NA,NA,NA,NA,NA,NA
"185",NA,"2015-10-2",13.2,25,0,3.8,NA,NA,NA,NA,20,70,1," ","Calm",NA,NA,NA,NA,NA,NA,NA
"186",NA,"2015-10-3",11.5,33.2,0,7,NA,NA,NA,NA,20.2,66,0,"W","4",NA,NA,NA,NA,NA,NA,NA
"187",NA,"2015-10-4",18.3,33.3,0,7.4,NA,NA,NA,NA,25.4,36,8,"NE","15",NA,NA,NA,NA,NA,NA,NA
"188",NA,"2015-10-5",12.8,37.1,0,4.8,NA,NA,NA,NA,19.6,64,1,"SSE","4",NA,NA,NA,NA,NA,NA,NA
"189",NA,"2015-10-6",15.1,37.5,0,5.1,NA,NA,NA,NA,21.1,68,0,"S","2",NA,NA,NA,NA,NA,NA,NA
"190",NA,"2015-10-7",16.2,19.6,0,6.8,NA,NA,NA,NA,19,75,8,"SSW","37",NA,NA,NA,NA,NA,NA,NA
"191",NA,"2015-10-8",14,20.2,0,2.4,NA,NA,NA,NA,17.2,68,8,"S","2",NA,NA,NA,NA,NA,NA,NA
"192",NA,"2015-10-9",15,26.4,0,2,NA,NA,NA,NA,19,61,1,"N","7",NA,NA,NA,NA,NA,NA,NA
"193",NA,"2015-10-10",13.2,28.1,0,4,NA,NA,NA,NA,18.1,81,0,"W","6",NA,NA,NA,NA,NA,NA,NA
"194",NA,"2015-10-11",11.5,28,0,4.1,NA,NA,NA,NA,16.9,86,6,"S","7",NA,NA,NA,NA,NA,NA,NA
"195",NA,"2015-10-12",14.3,31.7,3.4,3,NA,NA,NA,NA,20.1,68,1,"NW","15",NA,NA,NA,NA,NA,NA,NA
"196",NA,"2015-10-13",16.8,20.2,0,5.3,NA,NA,NA,NA,17.8,82,8,"SW","20",NA,NA,NA,NA,NA,NA,NA
"197",NA,"2015-10-14",14.3,25.4,5.8,1.8,NA,NA,NA,NA,19,88,2,"SSW","13",NA,NA,NA,NA,NA,NA,NA
"198",NA,"2015-10-15",14.1,30.6,0,3.3,NA,NA,NA,NA,20,74,1,"SW","13",NA,NA,NA,NA,NA,NA,NA
"199",NA,"2015-10-16",14.6,34.2,0,4.3,NA,NA,NA,NA,19,88,0,"S","15",NA,NA,NA,NA,NA,NA,NA
"200",NA,"2015-10-17",17.4,27.7,0,5.6,NA,NA,NA,NA,22,68,6," ","Calm",NA,NA,NA,NA,NA,NA,NA
"201",NA,"2015-10-18",18.2,22.5,1.4,4.1,NA,NA,NA,NA,18.8,77,8,"NW","9",NA,NA,NA,NA,NA,NA,NA
"202",NA,"2015-10-19",17.6,28.7,0,2.6,NA,NA,NA,NA,19.2,88,8,"W","2",NA,NA,NA,NA,NA,NA,NA
"203",NA,"2015-10-20",16,33,0,4.6,NA,NA,NA,NA,20.9,55,0,"SSE","7",NA,NA,NA,NA,NA,NA,NA
"204",NA,"2015-10-21",17.4,27.8,6.6,6.3,NA,NA,NA,NA,25.7,58,3,"WNW","9",NA,NA,NA,NA,NA,NA,NA
"205",NA,"2015-10-22",17.1,23,1.4,1.4,NA,NA,NA,NA,19.6,87,8,"NE","11",NA,NA,NA,NA,NA,NA,NA
"206",NA,"2015-10-23",13.6,21,6.1,2.6,NA,NA,NA,NA,NA,NA,NA,"","",NA,NA,NA,NA,NA,NA,NA
"207",NA,"2015-10-24",9.8,25.4,0,2.7,NA,NA,NA,NA,16.6,77,3,"SSW","2",NA,NA,NA,NA,NA,NA,NA
"208",NA,"2015-10-25",12.2,29.4,0,4.7,NA,NA,NA,NA,18.3,80,2,"WSW","2",NA,NA,NA,NA,NA,NA,NA
"209",NA,"2015-10-26",14.2,25.4,0,4,NA,NA,NA,NA,23.8,59,5,"SSW","11",NA,NA,NA,NA,NA,NA,NA
"210",NA,"2015-10-27",13.7,18.9,14.3,3.1,NA,NA,NA,NA,14.9,84,8,"S","9",NA,NA,NA,NA,NA,NA,NA
"211",NA,"2015-10-28",11.8,21.2,0,2.5,NA,NA,NA,NA,15.1,81,8,"SW","6",NA,NA,NA,NA,NA,NA,NA
"212",NA,"2015-10-29",11.8,24.7,0,3,NA,NA,NA,NA,17.2,69,4,"SSW","4",NA,NA,NA,NA,NA,NA,NA
"213",NA,"2015-10-30",10,25.3,0,4.8,NA,NA,NA,NA,18,70,1,"SW","4",NA,NA,NA,NA,NA,NA,NA
"214",NA,"2015-10-31",13.2,26.4,0,3.7,NA,NA,NA,NA,19.1,76,6,"SSW","13",NA,NA,NA,NA,NA,NA,NA
"215",NA,"2015-11-1",13.6,32.2,0.4,3,NA,NA,NA,NA,20.6,75,1,"NE","13",NA,NA,NA,NA,NA,NA,NA
"216",NA,"2015-11-2",17.4,31.8,10.9,6.2,NA,NA,NA,NA,22.6,76,1,"W","4",NA,NA,NA,NA,NA,NA,NA
"217",NA,"2015-11-3",18.3,19.2,0,5.8,NA,NA,NA,NA,18.6,86,8,"W","4",NA,NA,NA,NA,NA,NA,NA
"218",NA,"2015-11-4",16.3,19,3.6,1.3,NA,NA,NA,NA,18,97,8,"SW","4",NA,NA,NA,NA,NA,NA,NA
"219",NA,"2015-11-5",15.7,21.9,17.6,1.2,NA,NA,NA,NA,16.9,99,8,"NNE","15",NA,NA,NA,NA,NA,NA,NA
"220",NA,"2015-11-6",17.9,29.5,16,1.8,NA,NA,NA,NA,20.9,91,3,"W","4",NA,NA,NA,NA,NA,NA,NA
"221",NA,"2015-11-7",15.8,26.9,0.5,1.5,NA,NA,NA,NA,23,71,6,"WSW","7",NA,NA,NA,NA,NA,NA,NA
"222",NA,"2015-11-8",15.4,21.1,0,5.2,NA,NA,NA,NA,18,65,7,"S","7",NA,NA,NA,NA,NA,NA,NA
"223",NA,"2015-11-9",11.3,26.2,0,2.4,NA,NA,NA,NA,18.2,71,3,"SW","4",NA,NA,NA,NA,NA,NA,NA
"224",NA,"2015-11-10",12.2,30.2,0,4.6,NA,NA,NA,NA,18.7,77,1," ","Calm",NA,NA,NA,NA,NA,NA,NA
"225",NA,"2015-11-11",18.2,23.3,0,6.6,NA,NA,NA,NA,20.7,75,8,"S","11",NA,NA,NA,NA,NA,NA,NA
"226",NA,"2015-11-12",15.7,26.7,0.3,2.3,NA,NA,NA,NA,21.5,69,6,"N","4",NA,NA,NA,NA,NA,NA,NA
"227",NA,"2015-11-13",15.5,29.3,4.6,2.6,NA,NA,NA,NA,20,86,2," ","Calm",NA,NA,NA,NA,NA,NA,NA
"228",NA,"2015-11-14",17,19.8,34.2,5.6,NA,NA,NA,NA,17.6,84,8,"SSW","15",NA,NA,NA,NA,NA,NA,NA
"229",NA,"2015-11-15",14.5,20.7,17.2,6,NA,NA,NA,NA,17,77,8,"SW","19",NA,NA,NA,NA,NA,NA,NA
"230",NA,"2015-11-16",11.5,24.4,0.9,2.9,NA,NA,NA,NA,17.5,71,0,"SSW","17",NA,NA,NA,NA,NA,NA,NA
"231",NA,"2015-11-17",10.9,29,0,5,NA,NA,NA,NA,18.4,75,0,"SSW","9",NA,NA,NA,NA,NA,NA,NA
"232",NA,"2015-11-18",15.4,35.2,0,5.3,NA,NA,NA,NA,24.6,51,0,"SW","7",NA,NA,NA,NA,NA,NA,NA
"233",NA,"2015-11-19",15.6,38.5,0,6.7,NA,NA,NA,NA,21.2,77,3,"SSW","9",NA,NA,NA,NA,NA,NA,NA
"234",NA,"2015-11-20",19.6,40.2,0,5.7,NA,NA,NA,NA,26.1,68,0,"SW","4",NA,NA,NA,NA,NA,NA,NA
"235",NA,"2015-11-21",18.8,22.8,0,9.3,NA,NA,NA,NA,20.8,74,8,"SW","7",NA,NA,NA,NA,NA,NA,NA
"236",NA,"2015-11-22",15.8,22.2,0,4.5,NA,NA,NA,NA,18.9,73,8,"NE","15",NA,NA,NA,NA,NA,NA,NA
"237",NA,"2015-11-23",14,28.1,0,1.8,NA,NA,NA,NA,22,70,0,"SW","6",NA,NA,NA,NA,NA,NA,NA
"238",NA,"2015-11-24",16.4,29.4,0,5.3,NA,NA,NA,NA,21.6,72,6,"SW","4",NA,NA,NA,NA,NA,NA,NA
"239",NA,"2015-11-25",14.4,35.2,0,5.6,NA,NA,NA,NA,19.9,82,0,"SW","2",NA,NA,NA,NA,NA,NA,NA
"240",NA,"2015-11-26",19.6,36.3,0,8,NA,NA,NA,NA,32,38,0,"NNW","19",NA,NA,NA,NA,NA,NA,NA
"241",NA,"2015-11-27",14.4,23.8,0,10,NA,NA,NA,NA,19.6,68,4,"S","4",NA,NA,NA,NA,NA,NA,NA
"242",NA,"2015-11-28",16.6,24,0,4.2,NA,NA,NA,NA,20.3,79,8,"NE","6",NA,NA,NA,NA,NA,NA,NA
"243",NA,"2015-11-29",19.1,29.3,0.2,2.2,NA,NA,NA,NA,21.6,82,8,"SW","4",NA,NA,NA,NA,NA,NA,NA
"244",NA,"2015-11-30",15.5,30.3,0,3.8,NA,NA,NA,NA,21.3,74,4,"NE","7",NA,NA,NA,NA,NA,NA,NA
"245",NA,"2015-12-1",16.2,39.2,0,6.5,NA,NA,NA,NA,23,68,0,"SW","4",NA,NA,NA,NA,NA,NA,NA
"246",NA,"2015-12-2",18.6,23.9,0.4,8.4,NA,NA,NA,NA,20.2,75,8,"SSW","7",NA,NA,NA,NA,NA,NA,NA
"247",NA,"2015-12-3",14.6,22.3,0,4.9,NA,NA,NA,NA,18,71,8,"SW","4",NA,NA,NA,NA,NA,NA,NA
"248",NA,"2015-12-4",11.2,25.1,0,4.8,NA,NA,NA,NA,19.8,65,6,"SW","4",NA,NA,NA,NA,NA,NA,NA
"249",NA,"2015-12-5",12,28.9,0,3.3,NA,NA,NA,NA,20,68,0," ","Calm",NA,NA,NA,NA,NA,NA,NA
"250",NA,"2015-12-6",14.2,30.1,0,5.8,NA,NA,NA,NA,21.7,72,1," ","Calm",NA,NA,NA,NA,NA,NA,NA
"251",NA,"2015-12-7",16.3,27.7,0,7.2,NA,NA,NA,NA,21.7,76,4,"E","4",NA,NA,NA,NA,NA,NA,NA
"252",NA,"2015-12-8",18.1,27.4,0,5.7,NA,NA,NA,NA,22.3,73,8," ","Calm",NA,NA,NA,NA,NA,NA,NA
"253",NA,"2015-12-9",20.8,35.2,3.6,2.9,NA,NA,NA,NA,23.6,78,7,"N","11",NA,NA,NA,NA,NA,NA,NA
"254",NA,"2015-12-10",20.6,28.8,0.3,7,NA,NA,NA,NA,21.8,79,8," ","Calm",NA,NA,NA,NA,NA,NA,NA
"255",NA,"2015-12-11",18.7,34.6,0,5.3,NA,NA,NA,NA,23.3,80,1,"SW","4",NA,NA,NA,NA,NA,NA,NA
"256",NA,"2015-12-12",16.4,23.8,0,11,NA,NA,NA,NA,21.4,62,7,"WSW","6",NA,NA,NA,NA,NA,NA,NA
"257",NA,"2015-12-13",17.4,26.2,0,4.2,NA,NA,NA,NA,20.2,68,8,"NNE","7",NA,NA,NA,NA,NA,NA,NA
"258",NA,"2015-12-14",15,34.2,0,4,NA,NA,NA,NA,22,71,1," ","Calm",NA,NA,NA,NA,NA,NA,NA
"259",NA,"2015-12-15",15.9,31,0,6.4,NA,NA,NA,NA,22.4,79,6,"W","15",NA,NA,NA,NA,NA,NA,NA
"260",NA,"2015-12-16",20,24,3.7,2.7,NA,NA,NA,NA,21.9,87,8,"SSW","2",NA,NA,NA,NA,NA,NA,NA
"261",NA,"2015-12-17",14.5,29.1,0,1.6,NA,NA,NA,NA,20.7,78,8,"WSW","7",NA,NA,NA,NA,NA,NA,NA
"262",NA,"2015-12-18",15.9,35.2,0,5,NA,NA,NA,NA,23.4,71,0,"SW","7",NA,NA,NA,NA,NA,NA,NA
"263",NA,"2015-12-19",17.7,36.9,0,6.9,NA,NA,NA,NA,25.8,65,0,"S","2",NA,NA,NA,NA,NA,NA,NA
"264",NA,"2015-12-20",16,40.4,0,8.7,NA,NA,NA,NA,24,61,0,"WSW","2",NA,NA,NA,NA,NA,NA,NA
"265",NA,"2015-12-21",24.1,30.7,0,10.6,NA,NA,NA,NA,27.9,51,5,"NW","6",NA,NA,NA,NA,NA,NA,NA
"266",NA,"2015-12-22",16.4,21.2,24.8,5,NA,NA,NA,NA,16.4,85,8,"SW","6",NA,NA,NA,NA,NA,NA,NA
"267",NA,"2015-12-23",15.8,23.1,26,3,NA,NA,NA,NA,20.6,73,3,"NW","4",NA,NA,NA,NA,NA,NA,NA
"268",NA,"2015-12-24",14.3,25.4,0,2.3,NA,NA,NA,NA,21.3,69,4,"N","2",NA,NA,NA,NA,NA,NA,NA
"269",NA,"2015-12-25",14.2,25.6,0,5.5,NA,NA,NA,NA,21.6,69,2,"WNW","7",NA,NA,NA,NA,NA,NA,NA
"270",NA,"2015-12-26",16.3,30.5,0,3.4,NA,NA,NA,NA,21.7,73,5,"NNW","19",NA,NA,NA,NA,NA,NA,NA
"271",NA,"2015-12-27",15.4,22.7,6.4,3.8,NA,NA,NA,NA,17.3,73,8,"SSW","35",NA,NA,NA,NA,NA,NA,NA
"272",NA,"2015-12-28",14.8,22.4,1,4.6,NA,NA,NA,NA,17.1,77,7,"SSW","17",NA,NA,NA,NA,NA,NA,NA
"273",NA,"2015-12-29",14.3,25.3,0,3.2,NA,NA,NA,NA,20.2,62,2,"SSW","19",NA,NA,NA,NA,NA,NA,NA
"274",NA,"2015-12-30",11.7,27.1,0,5.8,NA,NA,NA,NA,19.1,71,0,"W","4",NA,NA,NA,NA,NA,NA,NA
"275",NA,"2015-12-31",14.5,29.5,0,6.4,NA,NA,NA,NA,20.9,73,1,"S","4",NA,NA,NA,NA,NA,NA,NA
"276",NA,"2016-01-1",15,29,0,5.8,NA,NA,NA,NA,23.8,60,2,"WSW","7",NA,NA,NA,NA,NA,NA,NA
"277",NA,"2016-01-2",15.5,26.1,0,6.6,NA,NA,NA,NA,23,67,5,"WSW","9",NA,NA,NA,NA,NA,NA,NA
"278",NA,"2016-01-3",18.2,24,0,5.8,NA,NA,NA,NA,22,66,8,"ESE","11",NA,NA,NA,NA,NA,NA,NA
"279",NA,"2016-01-4",17.7,23,42.7,4.9,NA,NA,NA,NA,18.8,98,8," ","Calm",NA,NA,NA,NA,NA,NA,NA
"280",NA,"2016-01-5",16.8,19.2,32,4.8,NA,NA,NA,NA,16.7,96,8,"WSW","7",NA,NA,NA,NA,NA,NA,NA
"281",NA,"2016-01-6",16.3,19.7,59.8,NA,NA,NA,NA,NA,16.7,99,8,"W","4",NA,NA,NA,NA,NA,NA,NA
"282",NA,"2016-01-7",15.8,23.8,19,1.4,NA,NA,NA,NA,19.2,73,7,"SW","19",NA,NA,NA,NA,NA,NA,NA
"283",NA,"2016-01-8",12.8,28.6,NA,2.9,NA,NA,NA,NA,NA,NA,NA,"","",NA,NA,NA,NA,NA,NA,NA
"284",NA,"2016-01-9",16.6,28.5,0,7.2,NA,NA,NA,NA,21.2,75,6," ","Calm",NA,NA,NA,NA,NA,NA,NA
"285",NA,"2016-01-10",16,31.3,0,4,NA,NA,NA,NA,22.4,74,1," ","Calm",NA,NA,NA,NA,NA,NA,NA
"286",NA,"2016-01-11",17.9,37.7,0,6.2,NA,NA,NA,NA,24,78,0,"WSW","7",NA,NA,NA,NA,NA,NA,NA
"287",NA,"2016-01-12",21.2,33.5,0,5.5,NA,NA,NA,NA,27.7,60,5," ","Calm",NA,NA,NA,NA,NA,NA,NA
"288",NA,"2016-01-13",18.2,32,0,5.3,NA,NA,NA,NA,23.5,71,4,"NE","4",NA,NA,NA,NA,NA,NA,NA
"289",NA,"2016-01-14",21,40,0,5.7,NA,NA,NA,NA,29.3,60,1," ","Calm",NA,NA,NA,NA,NA,NA,NA
"290",NA,"2016-01-15",12.7,21.3,38.2,6.4,NA,NA,NA,NA,13.5,97,8,"SSE","7",NA,NA,NA,NA,NA,NA,NA
"291",NA,"2016-01-16",13.4,23.2,2.8,3.6,NA,NA,NA,NA,18,81,7,"SW","19",NA,NA,NA,NA,NA,NA,NA
"292",NA,"2016-01-17",14.6,25,1.5,3.1,NA,NA,NA,NA,20.8,70,2,"W","9",NA,NA,NA,NA,NA,NA,NA
"293",NA,"2016-01-18",14,29.2,0,4.2,NA,NA,NA,NA,21.2,72,3,"SW","4",NA,NA,NA,NA,NA,NA,NA
"294",NA,"2016-01-19",16.1,35.9,0,5.1,NA,NA,NA,NA,23,76,1,"N","6",NA,NA,NA,NA,NA,NA,NA
"295",NA,"2016-01-20",19.4,38.7,0,6.8,NA,NA,NA,NA,27.3,48,0,"NNW","4",NA,NA,NA,NA,NA,NA,NA
"296",NA,"2016-01-21",22,38.4,0,7.3,NA,NA,NA,NA,27,61,1,"SW","2",NA,NA,NA,NA,NA,NA,NA
"297",NA,"2016-01-22",22.3,28,31.4,8.7,NA,NA,NA,NA,23.9,91,8,"NNW","6",NA,NA,NA,NA,NA,NA,NA
"298",NA,"2016-01-23",21.1,26.7,12.7,2.8,NA,NA,NA,NA,25.9,61,3,"SW","13",NA,NA,NA,NA,NA,NA,NA
"299",NA,"2016-01-24",19.5,25,0.4,4.1,NA,NA,NA,NA,20,91,8,"SW","6",NA,NA,NA,NA,NA,NA,NA
"300",NA,"2016-01-25",20,24,0,2.2,NA,NA,NA,NA,21.5,89,8," ","Calm",NA,NA,NA,NA,NA,NA,NA
"301",NA,"2016-01-26",19.9,28.7,9,NA,NA,NA,NA,NA,23.5,77,7,"NNE","7",NA,NA,NA,NA,NA,NA,NA
"302",NA,"2016-01-27",19.2,24.7,0,5.6,NA,NA,NA,NA,22.7,72,8,"NE","9",NA,NA,NA,NA,NA,NA,NA
"303",NA,"2016-01-28",20.2,32.2,0,1.6,NA,NA,NA,NA,22.5,73,7,"NE","9",NA,NA,NA,NA,NA,NA,NA
"304",NA,"2016-01-29",20,29.3,2.2,4.8,NA,NA,NA,NA,25.2,83,5,"NW","4",NA,NA,NA,NA,NA,NA,NA
"305",NA,"2016-01-30",18.5,28.9,35.1,8.2,NA,NA,NA,NA,22.7,81,4,"SE","11",NA,NA,NA,NA,NA,NA,NA
"306",NA,"2016-01-31",17.8,29.7,29,6,NA,NA,NA,NA,21.9,87,2," ","Calm",NA,NA,NA,NA,NA,NA,NA
"307",NA,"2016-02-1",18.8,26.2,0,5.2,NA,NA,NA,NA,21,76,8," ","Calm",NA,NA,NA,NA,NA,NA,NA
"308",NA,"2016-02-2",14.8,28.2,0.3,2.5,NA,NA,NA,NA,19.4,79,0,"SW","6",NA,NA,NA,NA,NA,NA,NA
"309",NA,"2016-02-3",16.5,32.3,0,5.2,NA,NA,NA,NA,22.2,83,7,"W","4",NA,NA,NA,NA,NA,NA,NA
"310",NA,"2016-02-4",18.3,24.6,3.2,6,NA,NA,NA,NA,19.8,92,8,"S","4",NA,NA,NA,NA,NA,NA,NA
"311",NA,"2016-02-5",18.4,24.8,0.6,4.6,NA,NA,NA,NA,19.1,81,8,"W","20",NA,NA,NA,NA,NA,NA,NA
"312",NA,"2016-02-6",17.3,26.4,1,4.4,NA,NA,NA,NA,18.9,92,8,"NE","6",NA,NA,NA,NA,NA,NA,NA
"313",NA,"2016-02-7",16.6,27.6,0.2,3.4,NA,NA,NA,NA,21.6,80,5,"SW","7",NA,NA,NA,NA,NA,NA,NA
"314",NA,"2016-02-8",17.1,29.7,0,4,NA,NA,NA,NA,22,77,0,"S","4",NA,NA,NA,NA,NA,NA,NA
"315",NA,"2016-02-9",18.3,27.2,0,6.4,NA,NA,NA,NA,22.9,79,4,"SW","4",NA,NA,NA,NA,NA,NA,NA
"316",NA,"2016-02-10",16.6,31.7,0,5.6,NA,NA,NA,NA,21.9,83,0," ","Calm",NA,NA,NA,NA,NA,NA,NA
"317",NA,"2016-02-11",17,29.2,0,5.2,NA,NA,NA,NA,22.2,81,2,"SW","4",NA,NA,NA,NA,NA,NA,NA
"318",NA,"2016-02-12",18.7,31.4,0,4.6,NA,NA,NA,NA,23.6,81,1,"SSW","4",NA,NA,NA,NA,NA,NA,NA
"319",NA,"2016-02-13",19,33.3,0,6.6,NA,NA,NA,NA,24.5,71,1,"N","4",NA,NA,NA,NA,NA,NA,NA
"320",NA,"2016-02-14",18.5,37,0,6.4,NA,NA,NA,NA,25,69,1,"NW","4",NA,NA,NA,NA,NA,NA,NA
"321",NA,"2016-02-15",22,31.5,0,4.6,NA,NA,NA,NA,24,78,7," ","Calm",NA,NA,NA,NA,NA,NA,NA
"322",NA,"2016-02-16",17,28,0,5.6,NA,NA,NA,NA,25.5,38,1,"SW","4",NA,NA,NA,NA,NA,NA,NA
"323",NA,"2016-02-17",18,26.2,0,5.6,NA,NA,NA,NA,19.6,69,6," ","Calm",NA,NA,NA,NA,NA,NA,NA
"324",NA,"2016-02-18",14.8,29,0,4.6,NA,NA,NA,NA,21.2,67,5,"SSW","4",NA,NA,NA,NA,NA,NA,NA
"325",NA,"2016-02-19",18,34.4,0,4,NA,NA,NA,NA,22.6,78,8,"WNW","7",NA,NA,NA,NA,NA,NA,NA
"326",NA,"2016-02-20",22.5,28.7,0,5.5,NA,NA,NA,NA,23.2,72,8,"SW","15",NA,NA,NA,NA,NA,NA,NA
"327",NA,"2016-02-21",20.3,28.5,12.2,5.1,NA,NA,NA,NA,21.9,90,6," ","Calm",NA,NA,NA,NA,NA,NA,NA
"328",NA,"2016-02-22",18.8,32,0,4,NA,NA,NA,NA,22.9,89,1," ","Calm",NA,NA,NA,NA,NA,NA,NA
"329",NA,"2016-02-23",18.2,33.2,0,4.9,NA,NA,NA,NA,22.2,86,0," ","Calm",NA,NA,NA,NA,NA,NA,NA
"330",NA,"2016-02-24",17.7,36.2,0,6,NA,NA,NA,NA,23.2,80,0," ","Calm",NA,NA,NA,NA,NA,NA,NA
"331",NA,"2016-02-25",21.2,41,0,5.6,NA,NA,NA,NA,23.7,82,0,"SW","4",NA,NA,NA,NA,NA,NA,NA
"332",NA,"2016-02-26",22.9,27.4,0,6.6,NA,NA,NA,NA,24.6,67,8,"S","11",NA,NA,NA,NA,NA,NA,NA
"333",NA,"2016-02-27",19.2,28,0,3.4,NA,NA,NA,NA,25.3,66,7,"SSW","4",NA,NA,NA,NA,NA,NA,NA
"334",NA,"2016-02-28",17.4,29.2,0,6.2,NA,NA,NA,NA,22.4,78,0," ","Calm",NA,NA,NA,NA,NA,NA,NA
"335",NA,"2016-02-29",17.5,27.8,0,4,NA,NA,NA,NA,23.2,75,5,"SE","6",NA,NA,NA,NA,NA,NA,NA
"336",NA,"2016-03-1",17.9,29.5,0,4,NA,NA,NA,NA,21.8,91,7," ","Calm",NA,NA,NA,NA,NA,NA,NA
"337",NA,"2016-03-2",17,31.5,0.8,2.8,NA,NA,NA,NA,21.8,86,7," ","Calm",NA,NA,NA,NA,NA,NA,NA
"338",NA,"2016-03-3",19.2,34,0,4,NA,NA,NA,NA,23,87,3," ","Calm",NA,NA,NA,NA,NA,NA,NA
"339",NA,"2016-03-4",19.6,31,0,5.4,NA,NA,NA,NA,24,79,4," ","Calm",NA,NA,NA,NA,NA,NA,NA
"340",NA,"2016-03-5",17,32.5,0,5.4,NA,NA,NA,NA,23,83,1," ","Calm",NA,NA,NA,NA,NA,NA,NA
"341",NA,"2016-03-6",16.5,31,0,5,NA,NA,NA,NA,20,95,1," ","Calm",NA,NA,NA,NA,NA,NA,NA
"342",NA,"2016-03-7",18.5,32.9,0,6.2,NA,NA,NA,NA,21.8,93,6," ","Calm",NA,NA,NA,NA,NA,NA,NA
"343",NA,"2016-03-8",17,30.5,0,5,NA,NA,NA,NA,24,76,2," ","Calm",NA,NA,NA,NA,NA,NA,NA
"344",NA,"2016-03-9",20,34.9,0,5.5,NA,NA,NA,NA,25.1,82,2," ","Calm",NA,NA,NA,NA,NA,NA,NA
"345",NA,"2016-03-10",20.7,31,0,5.4,NA,NA,NA,NA,24.7,82,2,"W","4",NA,NA,NA,NA,NA,NA,NA
"346",NA,"2016-03-11",22.2,31.1,0,4.8,NA,NA,NA,NA,23.8,86,8," ","Calm",NA,NA,NA,NA,NA,NA,NA
"347",NA,"2016-03-12",19.4,33.5,0.4,2.4,NA,NA,NA,NA,23,87,2," ","Calm",NA,NA,NA,NA,NA,NA,NA
"348",NA,"2016-03-13",19,31,0,5.6,NA,NA,NA,NA,24,79,2," ","Calm",NA,NA,NA,NA,NA,NA,NA
"349",NA,"2016-03-14",20,33,0,4.6,NA,NA,NA,NA,23,87,8," ","Calm",NA,NA,NA,NA,NA,NA,NA
"350",NA,"2016-03-15",20,25.5,0.2,3.8,NA,NA,NA,NA,21.5,86,8,"SW","11",NA,NA,NA,NA,NA,NA,NA
"351",NA,"2016-03-16",18,27,7.2,3.2,NA,NA,NA,NA,18.8,100,8," ","Calm",NA,NA,NA,NA,NA,NA,NA
"352",NA,"2016-03-17",17.5,28,9.4,4.1,NA,NA,NA,NA,21.9,86,4," ","Calm",NA,NA,NA,NA,NA,NA,NA
"353",NA,"2016-03-18",17,27.6,0,3,NA,NA,NA,NA,22,82,4,"NE","28",NA,NA,NA,NA,NA,NA,NA
"354",NA,"2016-03-19",11.7,24.2,4,2.7,NA,NA,NA,NA,18.2,53,0,"W","7",NA,NA,NA,NA,NA,NA,NA
"355",NA,"2016-03-20",16.3,23.4,0,4.7,NA,NA,NA,NA,17.4,65,7,"W","2",NA,NA,NA,NA,NA,NA,NA
"356",NA,"2016-03-21",14.7,22,4.7,3.6,NA,NA,NA,NA,16.2,89,7,"S","2",NA,NA,NA,NA,NA,NA,NA
"357",NA,"2016-03-22",15.4,24,0,2.1,NA,NA,NA,NA,17.8,73,0,"SSW","19",NA,NA,NA,NA,NA,NA,NA
"358",NA,"2016-03-23",14.2,27.5,0,3,NA,NA,NA,NA,19.5,69,0,"WSW","4",NA,NA,NA,NA,NA,NA,NA
"359",NA,"2016-03-24",14,30,0,3.5,NA,NA,NA,NA,20.5,73,2," ","Calm",NA,NA,NA,NA,NA,NA,NA
"360",NA,"2016-03-25",15.4,26,0,4.2,NA,NA,NA,NA,18.4,82,8," ","Calm",NA,NA,NA,NA,NA,NA,NA
"361",NA,"2016-03-26",14.9,29.4,0,1.2,NA,NA,NA,NA,19.5,83,3," ","Calm",NA,NA,NA,NA,NA,NA,NA
"362",NA,"2016-03-27",16.5,25.8,0,3.6,NA,NA,NA,NA,20.7,88,1," ","Calm",NA,NA,NA,NA,NA,NA,NA
"363",NA,"2016-03-28",17.5,26.4,0,3.6,NA,NA,NA,NA,20.8,83,7," ","Calm",NA,NA,NA,NA,NA,NA,NA
"364",NA,"2016-03-29",18.5,24.2,0,2.5,NA,NA,NA,NA,20.7,75,8,"NE","6",NA,NA,NA,NA,NA,NA,NA
"365",NA,"2016-03-30",17.1,28.1,7.4,0.9,NA,NA,NA,NA,19.5,88,2,"N","4",NA,NA,NA,NA,NA,NA,NA
"366",NA,"2016-03-31",12.9,26.8,0,3.6,NA,NA,NA,NA,19.4,62,0,"WSW","26",NA,NA,NA,NA,NA,NA,NA
"367",NA,"2016-04-1",14.3,28.9,0,4.5,NA,NA,NA,NA,19.3,81,1,"W","2",NA,NA,NA,NA,NA,NA,NA
"368",NA,"2016-04-2",14.3,31.2,0,4,NA,NA,NA,NA,18.6,73,8," ","Calm",NA,NA,NA,NA,NA,NA,NA
"369",NA,"2016-04-3",17.9,26.1,0,4,NA,NA,NA,NA,21.6,72,3,"SSW","4",NA,NA,NA,NA,NA,NA,NA
"370",NA,"2016-04-4",18.2,24.8,0.4,2.6,NA,NA,NA,NA,19.6,83,8," ","Calm",NA,NA,NA,NA,NA,NA,NA
"371",NA,"2016-04-5",15.7,31,0.7,1.8,NA,NA,NA,NA,18.1,99,0," ","Calm",NA,NA,NA,NA,NA,NA,NA
"372",NA,"2016-04-6",16.8,35.7,0,3.6,NA,NA,NA,NA,27.1,44,1,"NNW","17",NA,NA,NA,NA,NA,NA,NA
"373",NA,"2016-04-7",18.6,20.8,0,5.7,NA,NA,NA,NA,20,64,8,"NW","13",NA,NA,NA,NA,NA,NA,NA
"374",NA,"2016-04-8",17,21.1,0,1.8,NA,NA,NA,NA,18.2,77,8,"W","2",NA,NA,NA,NA,NA,NA,NA
"375",NA,"2016-04-9",14.4,26.2,0.9,0.7,NA,NA,NA,NA,19.8,73,0,"W","2",NA,NA,NA,NA,NA,NA,NA
"376",NA,"2016-04-10",13.1,28.5,0,3,NA,NA,NA,NA,19.5,77,5,"W","2",NA,NA,NA,NA,NA,NA,NA
"377",NA,"2016-04-11",11.1,NA,0,3.2,NA,NA,NA,NA,19.4,61,1,"W","6",NA,NA,NA,NA,NA,NA,NA
"378",NA,"2016-04-12",17.2,22.6,0,3.6,NA,NA,NA,NA,20.1,72,8,"NNW","7",NA,NA,NA,NA,NA,NA,NA
"379",NA,"2016-04-13",13.1,24.3,0,1.8,NA,NA,NA,NA,20.4,71,6,"SW","2",NA,NA,NA,NA,NA,NA,NA
"380",NA,"2016-04-14",13,23.9,0.2,1.9,NA,NA,NA,NA,19.9,81,7,"N","4",NA,NA,NA,NA,NA,NA,NA
"381",NA,"2016-04-15",14.1,27.9,0,1.6,NA,NA,NA,NA,21.3,71,4," ","Calm",NA,NA,NA,NA,NA,NA,NA
"382",NA,"2016-04-16",13.3,29.3,0,2.8,NA,NA,NA,NA,18.6,84,7,"WSW","11",NA,NA,NA,NA,NA,NA,NA
"383",NA,"2016-04-17",17.8,22.6,0,3.8,NA,NA,NA,NA,19.3,80,7,"SW","17",NA,NA,NA,NA,NA,NA,NA
"384",NA,"2016-04-18",14.6,24.6,0.2,1,NA,NA,NA,NA,20.4,73,2,"WSW","7",NA,NA,NA,NA,NA,NA,NA
"385",NA,"2016-04-19",14.9,26.2,0.5,2.3,NA,NA,NA,NA,20.4,80,5,"SW","6",NA,NA,NA,NA,NA,NA,NA
"386",NA,"2016-04-20",14,26.5,0,1.7,NA,NA,NA,NA,20.1,85,3,"W","4",NA,NA,NA,NA,NA,NA,NA
"387",NA,"2016-04-21",14.8,28.5,0,2.1,NA,NA,NA,NA,17.9,100,1,"S","2",NA,NA,NA,NA,NA,NA,NA
"388",NA,"2016-04-22",13.4,27.2,0,2.8,NA,NA,NA,NA,21.4,68,1,"W","6",NA,NA,NA,NA,NA,NA,NA
"389",NA,"2016-04-23",14.8,19.6,0.8,2.4,NA,NA,NA,NA,18.2,69,7,"W","20",NA,NA,NA,NA,NA,NA,NA
"390",NA,"2016-04-24",14,23.1,10.8,2,NA,NA,NA,NA,19,81,3,"SW","7",NA,NA,NA,NA,NA,NA,NA
"391",NA,"2016-04-25",10.9,23.6,0.2,2.2,NA,NA,NA,NA,20,68,1,"SSW","7",NA,NA,NA,NA,NA,NA,NA
"392",NA,"2016-04-26",10.7,25.1,0,2.5,NA,NA,NA,NA,17,81,2," ","Calm",NA,NA,NA,NA,NA,NA,NA
"393",NA,"2016-04-27",11.4,25.4,0,2.2,NA,NA,NA,NA,15.4,96,0,"SW","4",NA,NA,NA,NA,NA,NA,NA
"394",NA,"2016-04-28",12.2,26.7,0,1.9,NA,NA,NA,NA,15.8,94,8,"SW","2",NA,NA,NA,NA,NA,NA,NA
"395",NA,"2016-04-29",11.9,25.6,0,2,NA,NA,NA,NA,18.5,85,6,"SSW","6",NA,NA,NA,NA,NA,NA,NA
"396",NA,"2016-04-30",17,26,0.4,0.8,NA,NA,NA,NA,18.9,90,7," ","Calm",NA,NA,NA,NA,NA,NA,NA
